{
    "rmse": 0.6732722452763195,
    "mae": 0.5252850402976457,
    "r2": 0.30379378352285435
}